post_id,comment_id,created_date,millis,score,text
nnil94,h07hwza,2021-06-01 16:00+00:00,1622564316,2,"Well, your statement there kind of smears together two distinct kinds of ""don't work forever"" and I think it's worth articulating them.1. Lockdowns are costly.... to household incomes, business, taxes, health, mental health etc. We all know this, first hand. People get tired of them, some people -- in countries without decent government support -- literally face starvation if they can't work. So in this sense, they don't work forever.1. But even if a country *can* keep it going and going and going, there is the problem of more contagious variants. So Vietnam basically eradicated covid within their borders, with a certain *level* of non-pharmaceutical interventions. Let's say that level brought the R-value down from 1.4 to 0.8... Even if they could keep it up for years, the rest of the world is busy incubating variants, and lo! Something gets into Vietnam that has an R of 2.2. Their usual interventions can only get it down to 1.5. Now their interventions ""don't work"".For all I know, Vietnam is suffering from both.And both kinds can be helped with more vaccines sooner.But they are different."
nnil94,h07i6vd,2021-06-01 16:00+00:00,1622564431,1,Link?
nnil94,h06e3kv,2021-06-01 10:00+00:00,1622542017,1,"so we're fucked again?  But seriously, in the even where this new double mutation become the new virus that infect the whole world (like no more UK, SA, indian etc) Would the manufactured should produce a new vaccine? How long would that take? Or does that mean that 1 dose isn't enough and everyone should get 2 dose ASAP?"
nnil94,h06ed9s,2021-06-01 10:00+00:00,1622542265,1,The new mutation is already covered by the current vaccines. It just means we need to vaccinate a higher percentage and be fast about it.
np2md8,h055qx9,2021-06-01 01:00+00:00,1622509817,0,Not another one
np2md8,h055tca,2021-06-01 01:00+00:00,1622509855,19,Right now we are seeing countries that coped really well previously by simply keeping COVID out experiencing their first wave of large infections.
np2md8,h068ahz,2021-06-01 08:00+00:00,1622536533,2,how are they doing with vaccination?
np2md8,h068bjx,2021-06-01 08:00+00:00,1622536562,2,"when 70% of the entire globe will be vaccinated. No joke, it really is."
np2md8,h067hmv,2021-06-01 08:00+00:00,1622535752,3,UK is increasing again despite high vaccine and infection rates. B1617 has taken over B117 there so it's more contagious than the already more contagious variant. [https://twitter.com/jburnmurdoch/status/1397995388267810818/photo/1](https://twitter.com/jburnmurdoch/status/1397995388267810818/photo/1)[https://twitter.com/chrischirp/status/1399333336087252993/photo/2](https://twitter.com/chrischirp/status/1399333336087252993/photo/2)
np2md8,h05prdv,2021-06-01 04:00+00:00,1622521232,2,"With having Covid under control for most of the pandemic, and a very low amount of vaccinations, I think Vietnam has a really low level of immunity overall. So I think most people being infected there are being infected for the first time."
np2md8,h05l5o7,2021-06-01 03:00+00:00,1622518310,3,"The more the virus is reproducing (in infected humans), the more chances there are for this to happen. This was a single mutation jump on top of B.1.617.2. It quite possibly didn't even originate in Vietnam (like the original strain this added onto), although it could have - but it had a lot less potential to originate there than elsewhere. Stop the stupid. This is dead simple random mutation plus natural selection."
np2md8,h05pwbn,2021-06-01 04:00+00:00,1622521318,1,Is it even known if it originated in Vietnam?
np2md8,h054ez8,2021-06-01 00:00+00:00,1622509092,6,It's not those people keeping it going. It's countries that aren't able to vaccinate because of logistics or bad policy/timing
np2md8,h068ls8,2021-06-01 08:00+00:00,1622536836,3,"the B1617 is the indian variant right?  by the way, not that I know the numbers by heart, but even tho UK have 75% of it's population vaccinated with 1 dose, they used primarily the AstraZeneca vaccine, which I think is less effective than the pfizer/moderna with variants, I think"
np2md8,h068ymq,2021-06-01 08:00+00:00,1622537182,2,"Things are bad, but they're not that bad, but they are still bad."
np2md8,h065qd4,2021-06-01 07:00+00:00,1622534082,1,"I'm not a scientist by any means, so please feel free to correct me. But don't we see about the same protection from the rna vaccins on all the variants? Brazilian, Indian, SA and UK were all about 85-95% protection right? I don't see a downhill trend here. Unless I'm missing out on something.The only remarkable change I notice is how a first shot only protects you for 33% against the indian variant."
np2md8,h07k3dx,2021-06-01 16:00+00:00,1622565247,1,"Your post or comment has been removed because* **You should contribute only high-quality information.** In specific, we require that users who claim to have certain levels of expertise or experience as healthcare workers be verified with the moderators.  A post or comment that does not contain high quality sources or information or is an opinion article will be removed. ([More Information](https://www.reddit.com/r/Coronavirus/wiki/rules#wiki_rule_5.3A_keep_information_quality_high))*If you believe we made a mistake, please [message the moderators](/message/compose?to=/r/Coronavirus).*"
np2md8,h06d614,2021-06-01 09:00+00:00,1622541158,0,"Thatâ€™s just completely not true, if youâ€™re actually a scientist (which I doubt) then you really need to read the literature that other scientists are seeing."
np2md8,h08vs97,2021-06-01 22:00+00:00,1622586823,1,Thatâ€™s interesting.. Iâ€™m in the US and everything is opening back up. After this summer we should know how well the Pfizer/moderna vaccines work
np2md8,h05nc2b,2021-06-01 03:00+00:00,1622519659,2,"I'm just hoping they will begin getting more vaccinations completed so I might have a chance to get over there this year. I've been separated from my fiancÃ© for a year and a half because of Vietnam's border closing, we still have no idea when we will finally get to start the visa process. I'm fully vaccinated, I'd pay thousands and quarantine for a full month if I could see her."
np2md8,h071sy0,2021-06-01 14:00+00:00,1622557049,1,"For B.1.1.7 it dropped to around 90% from 95% with Pfizer benchmark. B.1.617 is a different lineage entirely, it looks like about 88%. But now the Vietnam variant combines mutations in B.1.1.7 and B.1.617 so you can expect this will likely be lower still. B.1.617 has an immune evasion mutation known from L.2 and appears to have reduced efficacy compared to that variant.P.1 and B.1.351 are also independent lineages (so you would not expect these to be additive. B.1.351 is the worst for immune evasion but appears to not be as transmissible (it gets outcompeted by B.1.1.7) but it has only 75% effectiveness. When it can get additive is when multiple of these mutations causing particular increased transmissibility (higher viral load = more infection breakthrough) or immune evasion which just means they change the ""shape"" of spike in a way that makes at least a subset of antibodies against the original one less effective.We've had the vaccine for all of a few months, I mean B.1.1.7 was barely existing when the vaccination campaign started and is now the vast majority of infections on earth. It will keep getting worse and can only go that direction. Naturally the authorities don't like this messaging but this is just the scientific truth. There is a selective pressure for one that can get past vaccines in many countries while we still have widespread infection and travel from unvaccinated countries."
np2md8,h06e9fc,2021-06-01 10:00+00:00,1622542167,-2,Thereâ€™s no correcting to do. This â€œscientistâ€ is full of anti vax nonsense.
np2md8,h07ff1p,2021-06-01 16:00+00:00,1622563231,1,"You don't have to believe me. I have a PhD, genetically engineer microbes for a living including working with viruses, and have several published papers and reviews on adaptive laboratory evolution and many more papers on other topics and several patents. But I'm not going to argue some asshole on Reddit further because this is a private account and I'm not identifying myself. Point me to your magical literature and quote where you are getting it from. Go on."
np2md8,h056rq2,2021-06-01 01:00+00:00,1622510372,4,idiots and conservatives
np2md8,h093mj5,2021-06-01 23:00+00:00,1622590758,1,"I really feel for you. I know people in the same situation, with children involved, which makes it worse. People in this sub have a complete disdain for people like you"
np2md8,h0720n3,2021-06-01 14:00+00:00,1622557151,3,"Yeah, I'm an anti-vaxer who is fully vaccinated. Makes sense. It's the best we've got but you're a fool if you think it's some magical shield protecting you forever. That's not how this works."
np2md8,h07foxf,2021-06-01 16:00+00:00,1622563351,0,Did you get your PHD from the Feigl-Ding School of Virology?
np2md8,h072x2o,2021-06-01 14:00+00:00,1622557571,0,"Is there any evidence of that? Youâ€™re making all these assertions that vaccines will be rendered ineffective and so far thereâ€™s nothing that points to that being the case especially with what we know about t-cell and b-cell immunity. Of course theyâ€™re not a magic shield, but theyâ€™re pretty damn close and have time and time again showed to protect people from severe outcomes even with variants. So you may be fully vaccinated but you seem pretty dedicated to proving that the vaccines will stop working when thereâ€™s no evidence to point to that."
np2md8,h07fvfx,2021-06-01 16:00+00:00,1622563430,1,Classy. Care to provide your citations and quote the conclusions? What is the literature all scientists are seeing except me? You probably haven't read a scientific paper in your life.
np2md8,h07gi65,2021-06-01 16:00+00:00,1622563704,3,"https://www.nejm.org/doi/full/10.1056/NEJMc2104974https://www.medrxiv.org/content/10.1101/2021.05.22.21257658v1Before virtually anyone could even get v1.0 of the vaccines, we already had B.1.351 (fortunately appears less transmissible than B.1.1.7 but it probably means there is more evolutionary space for the virus to become more immune evasive on top of the higher transmissibility mutations now) which have lowered efficacy. Efficacy against B.1.617.2 is a bit lower than for B.1.1.7. Now we've got yet another one not studied yet but if further transmissible, likely to decrease effectiveness further. It can only go down - that's how natural selection works. You are the problem because you think variants are not and cannot be an issue. Each erosion of efficacy takes us to an unknown place with the vaccines and whether this entire race to vaccinate and give the population herd immunity will work and continue to work.Why the hell are things only black and white for you and you can't see the middle ground here? Me saying anything negative about how well the vaccines will continue to work = antivax to you? That is nonsense and you know it. I'm vaccinated because it's dead stupid not to. If it lowers the chance to get severe illness or lowers transmission at all, we have to do it. What I'm not going to do is assume it gives me full protection forever and do stupid shit like go maskless in grocery stores or otherwise not do simple things that further reduce transmission, especially when the virus is still as widespread as it is and we've got B.1.617.2 taking over and other new ones like the one here. I have an unvaccinated child and we still have a long way to go out of this."
np2md8,h07ibgp,2021-06-01 16:00+00:00,1622564486,1,"I have read them and I consistently read experts takes on things. I feel like this argument got personal very quickly and I donâ€™t like that. Maybe Iâ€™m taking your comment out of context or too literally since you talked about the need to vaccinate everyone again. Yes, some variants reduce vaccine efficacy. Are you saying that the vaccines will be completely ineffective or that effectiveness could be reduced?"
np2md8,h07gziq,2021-06-01 16:00+00:00,1622563913,0,"â€œAfter 2 doses of either vaccine there were only modest differences in vaccine effectiveness with the B.1.617.2 variant. Absolute differences in vaccine effectiveness were more marked with dose 1. This would support maximising vaccine uptake with two doses among vulnerable groups.â€Soooo the vaccines are still effective, which is my point."
np2md8,h07jtb3,2021-06-01 16:00+00:00,1622565124,2,"There is not ""effective"" and ""not effective"". It's a percentage. B.1.617.2 is so new that there are not even peer reviewed studies yet (this is a preprint which is about all you're gonna get so quickly). With BNT162b2 2 dose effectiveness reduced from 93.4% (95%CI: 90.4 to 95.5) with B.1.1.7 to 87.9% (95%CI: 78.2 to 93.2) with B.1.617.2. With ChAdOx1 2 dose effectiveness reduced from 66.1% (95% CI: 54.0 to 75.0) with B.1.1.7 to 59.8% (95%CI: 28.9 to 77.3) with B.1.617.2.Â For only one dose: Effectiveness was notably lower after 1 dose of vaccine with B.1.617.2 cases 33.5% (95%CI: 20.6 to 44.3) compared to B.1.1.7 cases 51.1% (95%CI: 47.3 to 54.7) with similar results for both vaccines.Â That's a reduction. And also a huge 95% confidence interval. How many more months do you want to keep going with this? Like I said, it can only keep going down. There is no known threshold when this starts to be a problem epidemiologically. There is also no data yet to my knowledge on transmissibility from vaccinated individuals infected with B.1.617.2, about the only data on that was from a Public Health England study from when B.1.1.7 dominated and household transmission from vaccinated vs unvaccinated index cases was down by just 48%. The Pfizer CEO said we will probably need variant boosters within a year. We need vaccination with v1.0, variant boosters ASAP, and to not throw all public health measures to the wind. I can't (and nobody can) say what the outcome will be from all of this, but there is definitely cause for concern."
npn877,h067vav,2021-06-01 08:00+00:00,1622536120,1,"Your submission has been removed because* **Reposts will be removed.** Reposts also cover new posts containing only information that has already been posted. ([More Information](https://www.reddit.com/r/Coronavirus/wiki/rules#wiki_rule_3.3A_avoid_reposts))If you believe we made a mistake, please [message the moderators](http://www.reddit.com/message/compose?to=/r/Coronavirus&subject=Removed submission&message=I'm writing to you about the following submission: https://www.reddit.com/r/Coronavirus/comments/npn877/-/)."
npn877,h060alg,2021-06-01 06:00+00:00,1622529208,12,"Not excusing or endorsing authoritarianism, but China will be fine. When they say lockdown, lockdown or else.... We however have to navigate covidiots and theyâ€™re free to do whatever they like."
npn877,h05yr4o,2021-06-01 06:00+00:00,1622527923,2,"Okay, here we go."
npn877,h061t0v,2021-06-01 06:00+00:00,1622530495,-3,"b-b-but reddit told me that authoritarian regimes can't handle the virus, and that's why America (under Trump), Britain and Brazil did so badly!If what you're saying is true, that would mean people on the internet have been throwing around the word ""authoritarian"" without having a clue what it means!"
npn877,h066tkr,2021-06-01 08:00+00:00,1622535121,-1,"It's not because they're doing well, it's because of what they did in the beginning. Other countries doing well aren't accused of lying."
npn877,h06775l,2021-06-01 08:00+00:00,1622535481,0,"Your comment has been removed because* **Off topic political, policy, and economic posts and comments will be removed.** We ask that these discussions pertain primarily to the current Coronavirus pandemic. These off topic discussions can easily come to dominate online discussions. Therefore we remove these unrelated posts and comments and lock comments on borderline posts.. ([More Information](https://www.reddit.com/r/Coronavirus/wiki/rules#wiki_rule_4.3A_avoid_politics))If you believe we made a mistake, please [message the moderators](http://www.reddit.com/message/compose?to=/r/Coronavirus&subject=Removed comment&message=I'm writing to you about the following comment: https://www.reddit.com/r/Coronavirus/comments/npn877/-/h0644nr/)."
npn877,h0629r4,2021-06-01 07:00+00:00,1622530911,9,"Authoritarian regimes are good at crisis management. Theyâ€™re bad for freedoms and overall well being, but during times of crisis, theyâ€™re hella efficient. Thatâ€™s why even western countries suspended some rights in order to root out potential spies during WW II."
npn877,h065mwn,2021-06-01 07:00+00:00,1622533993,1,"Your comment has been removed because* **Purely political posts and comments will be removed.** Political discussions can easily come to dominate online discussions. Therefore we remove political posts and comments and lock comments on borderline posts. ([More Information](https://www.reddit.com/r/Coronavirus/wiki/rules#wiki_rule_4.3A_avoid_politics))*I am a bot, and this action was performed automatically. Please [contact the moderators of this subreddit](/message/compose/?to=/r/Coronavirus) if you have any questions or concerns.*"
npn877,h064a35,2021-06-01 07:00+00:00,1622532732,5,there's plenty of terrible authoritarian countries where the President's buddies and sons run everything and they flee to Switzerland or use the army at 1st sign of trouble.
nppy00,h06phoh,2021-06-01 12:00+00:00,1622550536,28,"I know exactly what they mean by that headline, but I choose to picture fancy men in top hats."
nppy00,h06bpil,2021-06-01 09:00+00:00,1622539791,25,Get vaccinated. I have gone through enough lockdowns. Just get vaccinated. I got an AZ shot the first chance I had. Get vaccinated. Vaccination is the only end game.
nppy00,h07cdl7,2021-06-01 15:00+00:00,1622561890,4,"Try the hat shop at Flinders Street station. Near the front entrance, but under street level.They may be able to help with your victorian top hat needs"
nppy00,h06d138,2021-06-01 09:00+00:00,1622541033,13,Took me four weeks to get mine and now itâ€™s waiting for number 2 in about 9 weeks time.
nppy00,h08cau9,2021-06-01 20:00+00:00,1622577694,5,"Are vaccinations actually widely available in Australia and people are choosing not to get them, or is there still an availability issue?"
nppy00,h06bqzr,2021-06-01 09:00+00:00,1622539832,7,"Yes, yes, and YES!"
nppy00,h06xxdo,2021-06-01 13:00+00:00,1622555171,3,It's gonna take at least six months for everyone to get vaccinated.It's a supply issue.Lockdwons are here to stay at least for now
nppy00,h08bjqx,2021-06-01 19:00+00:00,1622577352,3,the haberdashery good sir
nppy00,h08kch0,2021-06-01 21:00+00:00,1622581401,6,"Some of both. There was an order for an Australian developed vaccine, but it didn't work out.There is Australian produced AZ (plus some AZ imports), but that is delivering slower than planned for and is for over 50s. The supply of that will continue to increase.There is also Pfizer, but that is currently in short supply. The order didn't get signed until somewhat late, so Australia is further down the delivery list.I recall some Moderna has been ordered too.Also slow uptake even when vaccination became available. I was able to book in at my GP a few days after I first became eligible.  Now the wait list at my GP has increased to 2 or 3 weeks, but there are plenty of times available.The latest outbreak saw the number of vaccinations per day increase 2 or 3 fold very quickly, so I don't think supply was too constrained. Some eligible for AZ may have been waiting for Pfizer since there is no international travel and local transmission was low or zero. But then c19 snuck through quarantine and started to spread, and vaccination suddenly became a higher priority."
nppy00,h07umui,2021-06-01 17:00+00:00,1622569813,4,Itâ€™s a supply issue of Pfizer. Yâ€™all have enough AZ to get much more vaccinated than you are. Itâ€™ll be six months if you wait for the Pfizer/Moderna/Novavax shots.
nppy00,h08mgk9,2021-06-01 21:00+00:00,1622582375,7,"Sounds like a lack of foresight on the Australian government, hopefully, the people don't suffer too much because of it."
npq5f0,h06cic8,2021-06-01 09:00+00:00,1622540550,13,">Data has shown the coronavirus variant first detected in India, known as B.1.617.2, is continuing to spread across England, and is thought to be driving a rise in cases. It is believed to be both more transmissible than the variant first detected in Kent, which previously dominated, and somewhat more resistant to Covid vaccines, particularly after one dose.>The situation has led some scientists to warn the country is in the early stages of a third wave of coronavirus which, despite the vaccination programme, modelling suggests could lead to a rise in hospitalisations and deaths, and that full easing of restrictions in England in three weeksâ€™ time should be reconsidered."
npq5f0,h06d65q,2021-06-01 09:00+00:00,1622541161,20,Would be nice to get my first shot ðŸ™„
npq5f0,h06dw7t,2021-06-01 10:00+00:00,1622541829,13,"In other news, the little blip in cases seems to have plateaued already and deaths continue to fall (1 yesterday). Despite the latest reports on the âˆ‚-variant, the vaccines are too good."
npq5f0,h06hqo1,2021-06-01 10:00+00:00,1622545118,10,Twickenham Was doing a whole day vaccine rollout for anyone over 18 yesterday. You should have gone if you were able to! I think they are going to do it now and again to blitz the young demographic
npq5f0,h06e9du,2021-06-01 10:00+00:00,1622542166,5,Where are you located?
npq5f0,h06e94z,2021-06-01 10:00+00:00,1622542160,15,Most are still happy to get their second AZ jab though and Iâ€™m proud of that.
npq5f0,h06huo6,2021-06-01 11:00+00:00,1622545208,10,I wasn't aware till too late ðŸ˜” they aren't making this information easy to find. I tried to see whether we had any reserve lists i could sign up too but none last time i looked
npq5f0,h06eazs,2021-06-01 10:00+00:00,1622542206,8,"Surrey, so in the southwest. 25 as well"
npq5f0,h06hyci,2021-06-01 11:00+00:00,1622545289,8,What my friends did was phone up chemists in your area to ask who they are working with vaccine wise. You either can ask them to put you on a waiting list or actually get the number for the vaccine centre and get on a list there.
npq5f0,h06yk24,2021-06-01 13:00+00:00,1622555481,8,Iâ€™m in Surrey and got my first jab Saturday just gone. Iâ€™m 28 for reference. Iâ€™ve got friends in other areas of Surrey that are 29 and still havenâ€™t had their first. It seems to be down to whichever your GP is and how many 30ish year olds there are at that GP
npq5f0,h06kz86,2021-06-01 11:00+00:00,1622547550,1,"Your post or comment has been removed because* **You should contribute only high-quality information.** We require that users submit reliable, fact-based information to the subreddit and provide an English translation for an article in the comments if necessary.  A post or comment that does not contain high quality sources or information or is an opinion article will be removed. ([More Information](https://www.reddit.com/r/Coronavirus/wiki/rules#wiki_rule_5.3A_keep_information_quality_high))*If you believe we made a mistake, please [message the moderators](/message/compose?to=/r/Coronavirus).*"
npq5f0,h06i00v,2021-06-01 11:00+00:00,1622545326,3,"Thats a great suggestion, thank you!"
npq5f0,h06l050,2021-06-01 11:00+00:00,1622547568,1,"Your post or comment has been removed because* **Incivility isnâ€™t allowed on this sub.** We want to encourage a respectful discussion. ([More Information](https://www.reddit.com/r/Coronavirus/wiki/rules#wiki_rule_1.3A_be_civil))*If you believe we made a mistake, please [message the moderators](/message/compose?to=/r/Coronavirus).*"
npq5f0,h07ak1k,2021-06-01 15:00+00:00,1622561086,3,"https://www.eventbrite.co.uk/e/lets-tackle-covid-surge-vaccination-event-registration-156925312835#You can ""follow the organizer here, where signups were, and they should notify you of future events too."
npq5f0,h06i6uq,2021-06-01 11:00+00:00,1622545480,5,> but the risk benefit trade off doesnâ€™t work belowThis is absolutely not true. The risk is still several times lower even for children.
npq5f0,h06jidi,2021-06-01 11:00+00:00,1622546498,2,">â€˜Weâ€™ve reached two important conclusions. Firstly, COVID-19 markedly increases the risk of CVT, adding to the list of blood clotting problems this infection causes. Secondly, the COVID-19 risk is higher than we see with the current vaccines, even for those under 30; something that should be taken into account when considering the balances between risks and benefits for vaccination.â€™https://www.ox.ac.uk/news/2021-04-15-risk-rare-blood-clotting-higher-covid-19-vaccines"
npq5f0,h06l0vp,2021-06-01 11:00+00:00,1622547583,1,"Your post or comment has been removed because* **You should contribute only high-quality information.** We require that users submit reliable, fact-based information to the subreddit and provide an English translation for an article in the comments if necessary.  A post or comment that does not contain high quality sources or information or is an opinion article will be removed. ([More Information](https://www.reddit.com/r/Coronavirus/wiki/rules#wiki_rule_5.3A_keep_information_quality_high))*If you believe we made a mistake, please [message the moderators](/message/compose?to=/r/Coronavirus).*"
npq5f0,h06jlb9,2021-06-01 11:00+00:00,1622546558,-2,"Risk is 1 in 50,000 for dose 1 for 40 and under. Unknown for dose 2. Even if it is only an issue with dose 1 the fatality rate is 20% so thatâ€™s a risk of dying of 1 in 250,000 which I am guessing is similar to the risk of dying from Covid for a healthy 20 year old, let alone a child. If rate is similar for dose 2 then itâ€™s even worse. The above doesnâ€™t even factor in 3 more things: 1) supply of other vaccine and 2) the actual risk of even catching Covid in the first place and 3) the fact that efficacy is not 100% so even if you were vaccinated there is still a risk of catching and dying from Covid. Thereâ€™s a good reason that itâ€™s restricted, itâ€™s not some political game by the world against AZ. Thereâ€™s also a reason no country is using it in children and also why most countries are pivoting away, even here in the UK we bought 60m Pfizer boosters and no extra AZ. I wouldnâ€™t be surprised if AZ doesnâ€™t really see the light of day in the UK after this first round of vaccinations and thatâ€™s fine. Shit happens and safety signals occur but now itâ€™s correct for countries to make the relevant adaptations in the future to protect their populations. I donâ€™t get why people get so fuming about these points - the UK wonâ€™t burn to the ground because their vaccine has been found to be an inferior product for efficacy, safety and production efficiency."
npq5f0,h06jq23,2021-06-01 11:00+00:00,1622546654,1,Wasnâ€™t this analysis totally debunked? Also not all blood clots are created equally
npq5f0,h06uirq,2021-06-01 13:00+00:00,1622553405,2,"Do you ever bother to source your comments? Debunked by whom? Blood clots also arenâ€™t the only side effect of Covid, thereâ€™s many more short and potential long term risks of getting covid."
nprooq,h073gyj,2021-06-01 14:00+00:00,1622557832,46,"Do some people just sit down at dinner every night and discuss how shitty, useless and dangerous they can be to society?I so wish people like this were made an example of during the pandemic. I mean they were shamed. But I wish major legal ramifications would come for this ignorant, stupid, anti-vax woman."
nprooq,h06o0b1,2021-06-01 12:00+00:00,1622549593,119,"""She states her daughter is highly against vaccination and she does not believe she will get tested for COVID even if it would help the community."" I wonder about this last part..... not getting tested even if it would help the community?"
nprooq,h07gj3w,2021-06-01 16:00+00:00,1622563715,29,"As a 37 year cosmetologist, this disgusts me. My license and continuing education in hygiene FOR Coronavirus and protection from it and for our clients is put out by our industry. They even have a subsidized PPE program. They recommend getting the shot. This politically motivated crap should be stopped, in my opinion. If you are a working nail tech, or hairdresser, you should get a shot. If you donâ€™t, you can not only get sick and die, you can also make your clients get sick and die. Who wants to die from a haircut? No thank you!"
nprooq,h07gixm,2021-06-01 16:00+00:00,1622563713,18,Lets not forget this is from the state that had backwoods terrorists trying to hunt down and murder the governor because they couldn't get a nail job or their haircut/styled whenever they wanted.
nprooq,h08zlax,2021-06-01 23:00+00:00,1622588704,4,"Ugh, I grew up there and this doesn't surprise me at all. People have a hard time believing others exist and are great at ignoring everything. It's a ""me me me"" kind of place.Edit: I think a lot of it has to do with the fact that it is a relatively poor area, yet people think they are well off and quite worldly. Itâ€™s very sad, the majority of people I grew up with never really went anywhere except â€œup northâ€, where it is even easier to forget that there are billions of other people in the world. Small towns and cities can make small minds, I think itâ€™s pretty sad."
nprooq,h074lin,2021-06-01 14:00+00:00,1622558361,26,"We should make a new law for people like this. Obstruction of public health? Something like that idk all I know is if you're not gonna help with contract tracing, testing, or anything then you need to be locked up for a bit until you test negative for the safety of other people.Your personal freedom stops when it starts to harm others."
nprooq,h071sjp,2021-06-01 14:00+00:00,1622557043,9,"I wonder if that person is reading this like, ""Hmm, sounds familiar...""This article doesn't even try to conceal details that can be used to identify this person. It's like the public shaming is just begging to commence. This person put so many people in danger."
nprooq,h0790rj,2021-06-01 15:00+00:00,1622560397,-6,"If I wanted to motivate people to not share contact information I'd bookmark this to share.  So apparently it's super easy for 3rd parties to get contact tracing details, know exactly who was diagnosed with a variant, and probably got all the names and contact information of the clients shared that was shared and just chose not to publish it. Way to prove the people that don't trust the system right."
nprooq,h06szxi,2021-06-01 13:00+00:00,1622552573,85,"You have to want to care about people outside of ""me and mine"" which seems completely lost on people like this."
nprooq,h06tdg4,2021-06-01 13:00+00:00,1622552781,54,"She doesn't believe it will help the community.She thinks that COVID-19 is a nothing burger andby her testing positive and leading them to fund other positive cases it will increase the number of cases and lead to more restrictions.  And in these people's minds, restrictions are the only thing that cause a negative effect.  The pandemic isn't a problem, be it because they think the ""vulnerable"" are a fine sacrifice or because they think death counts are made up.  Whatever the rationale, anything that helps justify restrictions is a bad thing."
nprooq,h07vp8m,2021-06-01 17:00+00:00,1622570276,6,"""not getting tested even if it would help the community"" is something a sociopath would say."
nprooq,h08svsw,2021-06-01 22:00+00:00,1622585401,8,Ever seen a toddler refusing to eat their favorite food because they're mad at their parents?
nprooq,h06tfmr,2021-06-01 13:00+00:00,1622552813,13,"A 30 minute trip to the Walgreens drive through to swab her nose (one inch in, not the brain tickler) is just too much to ask."
nprooq,h07ruhz,2021-06-01 17:00+00:00,1622568607,5,[deleted]
nprooq,h06qeqz,2021-06-01 12:00+00:00,1622551085,50,Sounds like Typhoid Mary all over again to me.
nprooq,h06pj7d,2021-06-01 12:00+00:00,1622550562,36,The community she lives in probably all think like her.
nprooq,h06wn7k,2021-06-01 13:00+00:00,1622554524,15,"Itâ€™s Bay County, MI. They support her unconditionally."
nprooq,h07mdgj,2021-06-01 16:00+00:00,1622566227,1,"Your post or comment has been removed because* **Incivility isnâ€™t allowed on this sub.** We want to encourage a respectful discussion. ([More Information](https://www.reddit.com/r/Coronavirus/wiki/rules#wiki_rule_1.3A_be_civil))*If you believe we made a mistake, please [message the moderators](/message/compose?to=/r/Coronavirus).*"
nprooq,h072mfq,2021-06-01 14:00+00:00,1622557433,14,Hair stylist? Just Yelp her to hell.
nprooq,h07ugnq,2021-06-01 17:00+00:00,1622569738,3,"1) I'm not sure you need a story like this to motivate people not to help contact tracing...seems they found plenty of motivation on their own2) Yeah, I see how that would motivate someone. ""Hey, I'd urge you not to help those people from the health department. There was this other lady that refused to help them, and they made an example of her by outing her. It destroyed her career. You absolutely should not cooperate with them"" /s"
nprooq,h07d5ys,2021-06-01 15:00+00:00,1622562242,33,"They donâ€™t even care about themselves or their people. My husband gave me covid, which I got post J&J vaccine. He could not have cared less. Heâ€™s convinced itâ€™s no worse than the flu"
nprooq,h06ufs3,2021-06-01 13:00+00:00,1622553361,36,"If her attitude wasn't so widespread I'd blame it on all that lead in their water, but our country seems to have a very large group of people who lack intelligence, empathy and compassion all over. Some areas worse than others though."
nprooq,h06tplg,2021-06-01 13:00+00:00,1622552966,49,\*Covid Karen
nprooq,h0706n7,2021-06-01 14:00+00:00,1622556276,24,"Well, since you read the entire article you know that there was a couple this woman was in contact with confirmed to have covid, assumed to be the P.1 variant.  If it were up to people like her, we'd be doomed to exist in a covid-infested ""hell hole for all existence"" - not sure which hell hole you prefer."
nprooq,h073odo,2021-06-01 14:00+00:00,1622557930,25,â€œIâ€™m disgusted by comments such as â€œthrow her in a volcanoâ€.â€Iâ€™m not. She likely killed someone with her behavior.
nprooq,h07mvwb,2021-06-01 16:00+00:00,1622566445,1,"Your post or comment has been removed because* **Off topic political, policy, and economic posts and comments will be removed.** While we encourage and allow political, policy, and economic discussions, we ask that these discussions pertain primarily to the current Coronavirus pandemic. These offtopic discussions can easily come to dominate online discussions. Therefore we remove these unrelated posts and comments and lock comments on borderline posts. ([More Information](https://www.reddit.com/r/Coronavirus/wiki/rules#wiki_rule_4.3A_avoid_politics))*If you believe we made a mistake, please [message the moderators](/message/compose?to=/r/Coronavirus).*"
nprooq,h07wwbs,2021-06-01 18:00+00:00,1622570808,1,I guess you've just turned a blind eye to all the privacy complaints around contact tracing?  Or in your world anyone with such issues are just lying?  Whatever dude.  Live in your own reality.  In the real world this shit damages efforts to get people to share data that would help others.  And no amount of useless snark from you changes that.
nprooq,h07e49c,2021-06-01 15:00+00:00,1622562663,89,Why in the world is this person still your husband?
nprooq,h07l3fz,2021-06-01 16:00+00:00,1622565680,19,Are you going to divorce him? He doesn't sound very nice.
nprooq,h07zl71,2021-06-01 18:00+00:00,1622571994,7,"Unfortunate that happened, I hope you recovered quickly.  How bad were the symptoms?"
nprooq,h07i31r,2021-06-01 16:00+00:00,1622564387,-22,"If you were post vaccine, then statistically he's absolutely right.  Your symptoms likely never came close to those of even a mild flu."
nprooq,h06v9ty,2021-06-01 13:00+00:00,1622553805,24,"A large portion can be blamed on the talking heads.If they had not been pushing this narrative that it's the economy or people and that it's all about liberals trying to control you, and all the other such nonsense, it wouldn't have been a big deal.I mean, these are the people who were totally fine with the PATRIOT ACT, but asking a few questions about where you've been and who you've talked to?  THE WORST!I wish that we had good ways to account for just how much spread could have been reduced by effective TTI.  Now, I think there also could have been better salesmanship for agreeing to help with contact tracing and it took entirely too long to get state systems off the ground and even then a patchwork of state systems has a lot missing for people traveling, border towns, and those working with individuals that move around the country (say, gas station attendants).By the time we got these systems set up, this group had already checked out from the pandemic.  If it had been there in late March, early April and we could have been like ""If we do this, we anticipate it reduces spread by 20% which will allow us to do X, Y, and Z additional things while keeping R0 below 1"" I wonder if we would have gotten more buy-in."
nprooq,h073n0d,2021-06-01 14:00+00:00,1622557913,-13,No we wouldn't because the vaccines work. People need to calm down and stop advocating for violence against other people.
nprooq,h07zrnl,2021-06-01 18:00+00:00,1622572071,6,"Heâ€™s not, and probably not, at least not any time soon"
nprooq,h084x1s,2021-06-01 19:00+00:00,1622574317,15,The worst was that I lost my sense of taste and smell. Itâ€™s been a month and itâ€™s slowly returning. I have a phantom smell of cigarette smoke wherever I go too
nprooq,h07zck0,2021-06-01 18:00+00:00,1622571889,12,"I lost my sense of smell and taste, so thereâ€™s that."
nprooq,h07ms83,2021-06-01 16:00+00:00,1622566401,22,"I'm sure you've heard the saying ""it's the thought that counts"""
nprooq,h06zake,2021-06-01 13:00+00:00,1622555847,13,"Also, remember there were people from the top down who made it worse and in my opinion are guilty of mass murder."
nprooq,h07ovw9,2021-06-01 17:00+00:00,1622567313,5,"> people who were totally fine with the PATRIOT ACTBut the PATRIOT ACT is something that will protect ""us"" from *those people*. They're the only ones who'll have to deal with it, right?"
nprooq,h075bit,2021-06-01 14:00+00:00,1622558699,25,Willingly passing on a deadly infection *is* violent behavior
nprooq,h07847j,2021-06-01 15:00+00:00,1622559984,9,"Yeah, I also long for the days when the AIDS crisis was in full swing..."
nprooq,h07mum4,2021-06-01 16:00+00:00,1622566429,1,"Your post or comment has been removed because* **Off topic political, policy, and economic posts and comments will be removed.** While we encourage and allow political, policy, and economic discussions, we ask that these discussions pertain primarily to the current Coronavirus pandemic. These offtopic discussions can easily come to dominate online discussions. Therefore we remove these unrelated posts and comments and lock comments on borderline posts. ([More Information](https://www.reddit.com/r/Coronavirus/wiki/rules#wiki_rule_4.3A_avoid_politics))*If you believe we made a mistake, please [message the moderators](/message/compose?to=/r/Coronavirus).*"
nprooq,h08e4md,2021-06-01 20:00+00:00,1622578536,17,"I'm sorry. I met a couple in a similar situation as you this weekend. Dude was an ass, wife wasn't. I wish you the best."
nprooq,h08w4vv,2021-06-01 22:00+00:00,1622586995,6,"That sounds absolutely awfulGoogle olfactory training, might speed up recovery and help get rid of that."
nprooq,h080py9,2021-06-01 18:00+00:00,1622572484,1,Glad you only experienced minor symptoms and hope you're feeling better!
nprooq,h07sh9c,2021-06-01 17:00+00:00,1622568879,-8,For sure.  Husband is an ass.  But he's not wrong.  He's just an ass
nprooq,h06zrkx,2021-06-01 14:00+00:00,1622556078,17,"I include Donny T and his ilk as ""talking heads."""
nprooq,h07tl48,2021-06-01 17:00+00:00,1622569356,15,"> But he's not wrong. He's  just an assI did not interpret her comments to mean he was referring to her situation specifically, but rather to covid generally. In which case, he is absolutely wrong, AND an ass."
nprooq,h07116o,2021-06-01 14:00+00:00,1622556680,8,"Oh, okay, I thought you meant the media. Though Fox ""News"" and its ilk were highly destructive."
nprooq,h07itsn,2021-06-01 16:00+00:00,1622564702,7,AIDS was literally called a gay disease and that entire community was judged for spreading it due to â€œrecklessâ€ behavior. Gay men were ravaged by that virus back then both physically and emotionally due to the stigma that came with it. Try again.
nprooq,h07mu6b,2021-06-01 16:00+00:00,1622566424,2,"Your post or comment has been removed because* **You should contribute only high-quality information.** We require that users submit reliable, fact-based information to the subreddit and provide an English translation for an article in the comments if necessary.  A post or comment that does not contain high quality sources or information or is an opinion article will be removed. ([More Information](https://www.reddit.com/r/Coronavirus/wiki/rules#wiki_rule_5.3A_keep_information_quality_high))*If you believe we made a mistake, please [message the moderators](/message/compose?to=/r/Coronavirus).*"
nprooq,h07u5uw,2021-06-01 17:00+00:00,1622569609,-8,"Even that is pretty debatable at this point (in the US and other vaccinated countries).  Vaccines have really knocked the wind out of COVID's sails, and there's no good reason to expect covid won't be in the same range as the flu from here forward with regard to deaths and hospitalizations. The vaccines are so good that they have made the ""covid is no worse than the flu"" crowd correct..  it just took a year and a lot of bad times to get here."
nprooq,h072x4f,2021-06-01 14:00+00:00,1622557572,7,"Them as well.  Politicians aren't typically included in talking heads, but as of late, they've Donny T was more a social media personality than a politician."
nprooq,h07k34k,2021-06-01 16:00+00:00,1622565244,-4,[deleted]
nprooq,h07vpyz,2021-06-01 17:00+00:00,1622570286,5,"Sigh...really? 1) You know damn well he's not talking about ""in the context of our current situation, with vaccines, and summer upon us, and shit like that"". You know he's flat out saying since day 1 covid is no worse than the flu.2) Even given our current situation as context....our current US death toll from covid is over 500/day (7 day average). Our typical flu is about 35000 in a year, which is 95 deaths per day. Even if you consider that a typical flu season only lasts about 13 weeks, that's still only 384 deaths per day. So by what metric and under what actualy circumstances would you judge it to be no worse than the flu?"
nprooq,h07sng4,2021-06-01 17:00+00:00,1622568953,7,">During the height of the crisis we had numerous school workshops and convocations about AIDS prevention at no point was it suggested to us as children that being homosexual played a part.What? I was a teenager in the 1980's and it absolutely was presented as something only affecting the gay community, specifically gay men. That's one of the reasons it wasn't taken seriously at first. It was described as God's vengeance by some segments of the population - particularly by the religious/conservatives."
nprooq,h07msz1,2021-06-01 16:00+00:00,1622566410,4,"I'm not going to delete this, but my research is on HIV and this is not true. 1997 was well beyond the height of the epidemic in the US. HIV diagnoses carried incredible stigma and still do to a lesser degree. This is evident not only through social interactions but all throughout the early political response to the disease."
nprooq,h07qzdc,2021-06-01 17:00+00:00,1622568234,-4,"Unprotected sex and IV drug use is sort of one of those ""it takes two to tango"" situations. The person put at risk is also taking an active role in putting themselves at risk. It's not like covid, where you can catch it just by unknowing being in the same room as someone with it an infected person (and even if you were wearing a mask...masks make it less likely, not impossible). Just imaging how people would have been treated if AIDS were spread that easily. Actually, you don't have to imagine it. There were plenty of HIV+ people who were treated like shit by people who believed AIDS **could** spread the way covid **does** spread.So yeah, I'm not sure the times were so much rosier back then.>Itâ€™s worth noting I donâ€™t wish death on those who engage in reckless behavior as direct result of their actions; nor do I wish to toss them into a volcano for the betterment of a community.And what about those who commit intentionally reckless behavior repeatedly? No ill feelings for an HIV+ person who purposely has unprotected sex and doesn't tell their partner?"
nprooq,h07xjo9,2021-06-01 18:00+00:00,1622571095,1,"1) I agree.  Which is why I said the statement is true now, but hasn't been for the past year. 2) sorry, I should have said ""among vaccinated people"".  I don't count or care about the morons who chose to be anti-vax.  Their death numbers are meaningless to me.  Sorry they're stupid."
nprooq,h07xy44,2021-06-01 18:00+00:00,1622571275,0,[deleted]
